Patch_Length_mm,Patch_Width_mm,Feed_x_mm,Substrate_Thickness_mm,S11_2.300GHz,S11_2.315GHz,S11_2.330GHz,S11_2.345GHz,S11_2.360GHz,S11_2.375GHz,S11_2.390GHz,S11_2.405GHz,S11_2.420GHz,S11_2.435GHz,S11_2.450GHz,S11_2.465GHz,S11_2.480GHz,S11_2.495GHz,S11_2.510GHz,S11_2.525GHz,S11_2.540GHz,S11_2.555GHz,S11_2.570GHz,S11_2.585GHz,S11_2.600GHz,Gain_2.45GHz
30.39427,30.35015,-1.52474,1.15714,-5.04467,-5.52421,-4.88469,-5.09965,-5.10691,-5.09114,-5.38643,-5.98035,-8.20854,-12.07782,-17.56134,-23.12063,-26.34136,-26.12831,-23.15086,-17.80521,-12.30983,-9.18459,-6.61492,-5.34348,-4.84151,5.13724
24.92746,31.35403,3.62745,1.76596,-4.80111,-5.53008,-5.91698,-5.21241,-5.32054,-4.69343,-4.76778,-5.42856,-4.71424,-5.40255,-5.23726,-5.79453,-6.88966,-9.21034,-13.52955,-19.10836,-24.09801,-26.75341,-25.98829,-21.68699,-16.0288,4.87693
26.66978,43.11316,1.83232,1.77461,-4.73157,-4.50582,-4.84171,-4.79174,-4.81795,-6.02999,-8.11616,-10.92841,-15.18587,-21.60174,-25.56125,-26.87436,-24.69496,-19.33355,-13.8715,-8.90311,-6.82977,-5.95532,-5.42133,-5.34789,-4.67871,5.08908
26.6488,33.45279,1.05231,1.22039,-5.64445,-5.37887,-5.19872,-4.85459,-4.5831,-5.01159,-4.9351,-5.05626,-5.03628,-5.94344,-8.07268,-12.02956,-16.43208,-22.13598,-25.77396,-26.75557,-22.94349,-18.45329,-12.40754,-8.9358,-6.83855,5.45346
26.66825,38.97347,-2.99603,1.49562,-5.83162,-4.75169,-4.80884,-5.21078,-5.30228,-5.3128,-5.37944,-7.95702,-10.83888,-14.97062,-21.1806,-25.65761,-26.93562,-25.07209,-19.58453,-14.5665,-9.45272,-7.07098,-4.95382,-5.13028,-4.57996,5.40958
27.07514,30.81095,3.90209,2.31512,-4.65328,-4.79303,-4.46326,-4.75068,-4.98187,-5.18327,-5.4412,-4.95449,-5.16788,-4.66362,-6.35282,-7.8107,-11.81425,-16.35547,-21.68339,-25.66538,-26.35537,-24.068,-19.25984,-13.27217,-9.1015,5.07964
27.38086,38.23632,-1.92897,1.15235,-4.55416,-4.78743,-4.904,-4.26913,-5.0144,-5.47081,-6.09062,-7.38446,-11.19072,-15.99218,-21.31533,-26.1115,-27.47451,-23.98152,-18.83252,-13.68394,-9.00328,-6.61743,-5.99759,-5.01107,-5.11628,5.57925
33.84165,31.37785,-0.37641,1.34288,-4.83542,-5.23387,-4.99444,-5.12128,-6.65915,-8.34989,-12.18776,-16.59922,-23.49532,-26.21692,-26.6656,-23.12453,-17.01275,-12.42505,-7.84489,-6.63703,-5.383,-5.31589,-5.27604,-4.98495,-5.10003,4.93402
27.78973,43.79432,-1.61317,2.05451,-5.36269,-4.94676,-4.09006,-5.96927,-7.39011,-9.56918,-13.41041,-18.78895,-23.72485,-26.98051,-26.43317,-21.77544,-15.62409,-10.98141,-8.53662,-6.11775,-4.8686,-4.35252,-4.82528,-4.89587,-5.43472,5.0407
26.35204,31.67841,4.01259,1.19394,-5.40318,-5.27222,-5.40494,-4.77481,-5.80935,-5.11707,-4.84535,-4.48275,-5.04619,-4.92309,-6.01813,-7.61709,-10.51623,-14.34753,-20.10015,-25.0005,-25.83377,-25.05224,-20.03226,-14.58435,-10.22286,5.35685
32.80864,42.30978,-0.67426,1.05239,-5.64559,-7.92019,-11.23301,-15.77701,-20.70781,-25.35685,-26.87187,-25.15069,-20.44046,-15.17607,-9.87254,-7.0652,-5.45909,-4.97085,-5.13025,-4.54136,-5.05016,-5.23166,-5.18225,-5.20469,-5.75801,5.17927
32.46104,31.29218,-0.18782,1.24269,-4.39985,-4.99132,-5.20229,-5.31452,-5.41656,-6.63744,-8.08434,-11.44155,-15.82916,-21.6869,-25.71727,-27.05917,-23.61374,-19.00442,-13.09423,-8.98484,-7.00615,-4.91085,-4.98063,-5.70989,-4.81549,5.14793
26.4953,31.43911,3.02105,2.21462,-5.40541,-4.72958,-4.54458,-4.3339,-4.36897,-5.72001,-4.73435,-5.69039,-4.52345,-5.24138,-6.43097,-6.98949,-10.64666,-16.35684,-21.16752,-25.93045,-26.90452,-24.61649,-18.92466,-14.4081,-9.49203,5.35533
28.60303,34.27267,3.15811,1.16415,-4.77324,-4.96608,-5.33071,-4.38587,-4.73724,-5.12492,-5.48044,-6.10897,-6.82685,-10.15341,-14.4702,-20.24963,-24.78237,-27.03886,-24.94491,-20.57614,-14.65336,-10.08888,-7.42198,-6.19043,-5.60659,5.54295
27.85195,38.07223,-1.7075,1.93406,-4.2024,-4.99268,-5.54877,-5.16848,-5.17296,-6.03421,-6.58871,-8.56627,-12.64227,-18.0194,-23.41619,-25.9563,-26.48992,-23.07126,-17.45091,-11.79657,-8.68674,-6.22325,-5.21469,-4.87006,-4.54123,5.74715
33.02806,38.61721,-1.29145,1.6767,-4.93068,-5.72369,-7.42301,-9.44325,-14.18451,-19.78833,-24.72376,-26.86405,-26.38396,-21.08707,-15.57637,-11.03382,-7.3053,-5.80613,-5.53798,-5.3214,-4.77606,-5.53423,-5.11698,-5.22094,-4.97555,5.47716
26.44843,36.65191,3.64764,0.91653,-5.4238,-4.74736,-4.81522,-4.49275,-5.26505,-5.00935,-5.10439,-5.34642,-5.98964,-8.20991,-10.43897,-15.2711,-20.6812,-24.77402,-27.07656,-24.61167,-19.60374,-13.4136,-10.33428,-6.88361,-6.2598,5.23382
29.95452,43.30055,4.02283,1.78024,-5.11508,-5.55567,-5.30502,-6.90055,-8.2331,-12.87266,-18.07092,-23.15218,-26.58958,-25.91585,-22.69259,-17.69059,-12.28437,-8.62134,-6.12523,-5.32999,-5.17237,-4.72631,-5.19099,-5.04867,-4.93687,5.24332
31.06419,30.8992,-0.33161,1.66818,-5.20573,-4.88017,-5.66856,-4.6513,-5.54122,-5.55868,-5.54383,-7.90339,-10.45025,-15.0545,-21.00241,-24.83183,-26.46938,-25.59212,-20.54963,-14.21371,-10.46382,-7.34172,-5.76613,-5.00722,-5.14214,5.32008
27.3613,39.50799,-0.36115,1.06407,-5.17924,-4.96395,-5.06585,-5.09195,-5.50186,-5.23586,-6.00946,-8.58826,-12.2357,-17.46991,-22.83662,-26.47951,-26.35505,-22.46725,-17.28358,-12.4612,-8.43239,-7.04971,-5.47027,-4.98717,-4.59842,5.82778
33.99908,34.89944,1.8513,2.04997,-5.38487,-5.66285,-5.40494,-6.84903,-9.0058,-13.29026,-18.37004,-23.57856,-27.06248,-26.11427,-22.08449,-16.91498,-11.1286,-7.56596,-6.16922,-5.55406,-4.72233,-5.84449,-4.94241,-4.95057,-5.1999,5.32793
33.58173,35.55316,2.43513,0.92159,-5.2155,-5.60922,-5.04468,-6.17675,-8.45803,-12.97607,-17.15692,-22.57085,-26.55753,-26.69999,-22.96616,-17.03982,-12.34234,-8.39242,-5.97812,-5.98383,-4.42603,-4.48165,-5.43885,-5.49573,-5.09933,5.12525
31.33795,43.51663,-1.56926,2.09312,-5.87389,-6.52163,-9.03759,-12.01837,-17.53655,-22.22096,-26.41116,-26.66706,-22.84103,-17.78999,-12.83707,-8.48975,-6.52662,-5.44067,-5.01045,-5.21231,-4.85913,-4.39291,-5.38788,-4.39192,-5.08498,5.00882
24.10151,43.27288,-3.22948,1.95212,-5.58824,-4.958,-5.18582,-5.48083,-5.67351,-5.17699,-5.50148,-6.83127,-9.67582,-14.13884,-19.69471,-24.60705,-27.29819,-25.77635,-21.33163,-16.06289,-10.99371,-7.98248,-6.04396,-5.15664,-5.02711,4.60818
29.35864,40.67065,-2.33365,1.14622,-5.57137,-5.00138,-4.80335,-5.8071,-7.08581,-9.56886,-14.0042,-19.36812,-24.57159,-26.91128,-25.8369,-21.13934,-15.06395,-10.80125,-7.67001,-6.16585,-5.04045,-5.38304,-4.69993,-5.33139,-5.37076,5.6327
25.84364,30.71927,4.46957,1.56437,-4.84495,-5.31844,-4.55929,-4.77864,-4.81223,-4.93432,-5.27553,-5.11824,-4.84399,-5.09462,-5.28577,-6.5049,-7.62395,-11.10451,-16.06103,-21.3115,-26.31689,-26.70056,-24.16529,-19.43759,-14.26998,4.68821
31.40089,43.26626,-2.12991,1.13764,-5.60657,-6.63478,-8.52436,-12.23383,-17.21551,-23.01491,-26.77341,-26.65004,-22.84893,-16.92735,-12.3655,-8.89188,-6.7342,-6.21824,-5.02173,-5.5089,-5.43813,-5.69266,-5.39144,-4.80107,-5.45898,4.88655
32.26631,30.99974,-2.50669,1.29218,-5.00378,-5.45923,-5.06939,-4.93796,-5.61373,-6.74315,-7.74915,-11.76575,-16.82077,-22.19901,-25.81146,-26.67038,-23.80132,-18.1607,-12.27484,-8.53006,-6.44273,-5.97861,-3.85758,-5.46113,-5.13859,4.90871
24.40232,40.58776,0.23451,1.84242,-4.80858,-5.11149,-5.42722,-5.25489,-5.15972,-5.02636,-5.32613,-5.24855,-6.81526,-9.2362,-12.68242,-17.20812,-23.2917,-25.73976,-26.28755,-23.24939,-17.6824,-12.10199,-8.89441,-5.57813,-5.82317,5.3414
33.88119,39.20725,0.88334,1.4612,-5.34722,-6.0968,-8.45038,-12.65794,-17.35173,-23.05675,-27.21507,-26.81095,-23.61277,-17.49876,-11.76285,-7.99205,-6.6896,-5.67197,-4.90391,-4.66309,-5.15343,-5.05106,-4.22773,-5.03763,-5.16986,5.27499
32.32143,36.97726,2.44943,1.6142,-5.11564,-4.42554,-5.05162,-6.01346,-7.90978,-10.7902,-15.06867,-21.21021,-25.01599,-27.45158,-24.7471,-19.06275,-14.85616,-9.35367,-7.7239,-5.78621,-5.28955,-4.76962,-6.1164,-5.67341,-5.19843,5.53267
29.38581,34.83174,0.96726,1.66949,-5.29643,-4.9151,-4.79982,-4.51646,-5.31115,-5.41904,-5.95496,-7.66587,-10.66344,-15.93409,-20.83426,-25.81433,-27.30995,-25.23735,-19.31726,-14.24942,-9.39952,-6.99806,-6.35845,-5.61114,-4.79362,5.7565
29.25951,36.39699,2.50199,1.45597,-5.11428,-5.16842,-5.91231,-4.85383,-5.41111,-4.99707,-6.75458,-8.91881,-11.58359,-17.7117,-22.85957,-26.16308,-26.74759,-23.86802,-17.84898,-12.68566,-8.30368,-6.33841,-4.46836,-5.72848,-5.04414,5.6647
24.98443,38.87247,3.85321,1.50989,-5.2608,-5.71039,-4.40171,-4.82241,-5.09327,-4.6845,-4.79074,-4.87195,-6.27774,-7.22117,-9.50661,-13.74416,-19.02449,-24.77323,-26.89337,-24.92778,-21.07173,-15.4347,-10.91184,-7.44343,-5.40902,5.24883
33.01209,39.48655,-2.57822,1.50677,-5.67332,-5.85681,-8.37373,-11.90611,-16.68291,-21.53294,-26.06614,-26.43391,-23.93679,-18.3673,-13.43379,-9.21288,-6.38432,-5.59866,-4.66265,-5.11239,-5.07773,-4.5546,-5.22722,-5.53194,-4.54456,5.34828
28.96727,42.65817,-1.42425,2.07818,-5.27673,-5.29895,-5.67295,-6.46479,-8.07636,-11.61202,-16.37285,-22.14104,-26.37216,-27.44411,-24.39464,-19.31836,-14.04708,-9.23863,-6.89841,-5.82236,-5.36236,-4.49226,-4.92641,-4.83541,-5.90537,5.32736
29.30852,42.78882,3.47425,1.21115,-4.83122,-5.41786,-5.03375,-6.31572,-7.20717,-9.69584,-14.0719,-19.83241,-24.04767,-27.1249,-25.61405,-21.86785,-14.70626,-10.72914,-7.94846,-5.49759,-4.87096,-5.04218,-5.51988,-4.85661,-5.21799,5.07653
32.22417,43.16409,-3.02489,1.17412,-5.4025,-7.76955,-11.91868,-16.42183,-21.66852,-25.78469,-26.53499,-24.80716,-19.07427,-13.17204,-8.79462,-6.19282,-5.79188,-4.81033,-4.44912,-4.59066,-4.74844,-4.71052,-5.27649,-5.50654,-4.656,4.88654
31.42269,32.16332,-0.26604,0.95843,-5.35795,-4.97805,-4.92542,-5.08192,-5.47806,-5.44705,-6.34581,-9.84135,-13.51873,-19.13929,-25.41509,-27.21512,-25.87216,-20.95352,-15.58524,-10.67356,-7.4515,-6.33752,-5.5881,-5.51523,-5.07904,5.46679
31.86795,33.40996,-2.86669,1.70332,-4.46164,-4.76707,-5.00855,-5.04605,-5.68665,-7.63279,-9.91482,-14.40067,-19.88044,-25.23851,-26.88325,-24.81152,-20.125,-14.35665,-10.10403,-7.30314,-5.20891,-5.1964,-5.04193,-4.70535,-4.94991,5.40671
31.41718,37.3652,2.71099,1.56199,-4.93318,-5.44744,-4.8219,-5.23934,-6.37395,-8.64387,-12.24393,-18.32657,-23.43972,-26.5975,-26.35352,-22.90551,-17.78333,-12.17395,-8.66187,-6.79356,-5.36516,-5.20933,-4.61331,-4.77339,-4.74391,5.67365
30.33077,37.67699,-1.07333,2.3914,-5.38226,-5.09685,-5.22895,-5.47558,-6.3603,-8.61256,-11.67491,-16.78288,-21.894,-26.23258,-27.08745,-23.91472,-18.9919,-13.03545,-9.37077,-6.7133,-6.0972,-4.95705,-5.18791,-4.86643,-4.88613,5.84217
32.31772,31.30522,-3.13092,1.98207,-4.83241,-5.42071,-5.42281,-5.39026,-5.63314,-6.42812,-9.14685,-12.33107,-18.0636,-24.11746,-26.84195,-27.21781,-22.76742,-17.20025,-12.09426,-8.40697,-6.45443,-5.6474,-4.59673,-4.60335,-5.4052,5.13836
29.741,41.3011,3.6064,2.35927,-4.807,-5.47906,-5.21664,-5.63534,-6.05145,-9.23562,-12.9519,-18.06426,-23.67972,-27.02177,-26.24297,-22.27617,-16.48222,-12.03982,-8.34627,-6.15302,-5.47833,-5.18113,-5.03285,-5.24874,-5.28073,5.47316
27.70053,40.10234,2.99152,1.70815,-4.90112,-4.94276,-4.74102,-4.63296,-5.28801,-5.80067,-6.81059,-9.20318,-13.04601,-18.01493,-23.44845,-26.86133,-26.55127,-22.33844,-17.13445,-12.20569,-8.32239,-6.39748,-5.80955,-4.83163,-4.73207,5.579
26.11234,31.92129,-1.70032,1.325,-4.4204,-4.97183,-4.84591,-4.69432,-5.11853,-5.39643,-4.69183,-5.59273,-4.55214,-5.30311,-6.66532,-9.1002,-12.57012,-18.91328,-24.23576,-27.01388,-26.18166,-22.39089,-16.44406,-11.43325,-8.33604,5.46098
30.18125,41.64836,4.27793,0.94101,-4.86965,-5.28943,-5.64074,-6.11964,-7.62975,-10.15712,-15.13494,-20.26955,-25.02183,-26.63351,-24.66664,-19.88629,-14.33861,-10.26683,-7.34042,-6.47104,-5.15407,-5.30183,-4.87367,-4.81793,-5.47362,5.17711
30.55509,32.48005,2.95563,1.59059,-4.98352,-5.59127,-5.75633,-4.76076,-5.51195,-5.41462,-6.22089,-7.50002,-9.78111,-14.1099,-19.12379,-24.34155,-27.04202,-25.37489,-20.81994,-15.49064,-10.9695,-7.31059,-5.40064,-5.0944,-4.4671,5.50783
32.55293,38.61012,0.56361,1.54034,-5.67791,-5.5551,-5.7745,-8.02589,-10.85773,-16.39843,-21.66806,-25.44382,-26.83884,-24.17712,-18.57123,-13.2429,-9.76592,-6.44836,-5.89843,-5.21026,-5.04561,-4.63505,-5.39709,-4.84212,-4.81663,5.69782
26.82894,35.72277,-0.9547,1.75662,-4.87672,-5.49005,-4.85744,-4.93875,-5.13333,-5.30099,-5.261,-6.10869,-6.13009,-9.49526,-13.38748,-18.14999,-23.60018,-26.54553,-25.57355,-22.17652,-16.89502,-11.2092,-7.78679,-6.32111,-5.83971,5.93001
32.13185,39.38163,3.46063,1.98204,-5.22046,-5.59938,-5.91244,-7.21558,-9.70064,-13.48334,-19.10965,-24.09204,-26.53601,-25.90886,-21.42502,-15.69352,-10.41424,-7.4593,-5.58562,-4.98756,-4.72251,-5.64542,-4.6956,-4.92609,-4.9811,5.32958
27.7672,32.27146,3.48211,2.03376,-4.92366,-5.19624,-5.3328,-4.86272,-5.11605,-5.23674,-5.30015,-5.03311,-5.47086,-6.76869,-8.73072,-12.17716,-17.15713,-23.1294,-26.25526,-26.87685,-22.21412,-18.10136,-12.77581,-8.61004,-6.8225,5.44737
33.66268,41.43648,3.21133,1.02144,-5.75304,-6.57102,-9.44961,-14.4597,-19.12054,-24.23099,-26.79962,-25.76079,-21.00136,-15.72557,-10.52542,-7.69846,-6.76537,-4.98782,-5.01569,-4.64084,-5.05105,-4.93456,-4.6097,-4.86428,-4.8992,5.29007
27.74913,30.39463,4.37743,2.14268,-5.36435,-5.50122,-4.81322,-4.78105,-4.74065,-5.47499,-4.65535,-4.61786,-5.18776,-5.52335,-6.31752,-8.64343,-12.42265,-18.33055,-23.3794,-27.06712,-26.13738,-22.41995,-17.15613,-11.8671,-8.89333,5.05917
28.57114,31.55201,4.14632,1.75478,-4.58097,-4.95658,-4.99016,-4.80562,-5.4381,-4.80161,-5.0248,-4.82509,-5.71166,-6.92505,-9.1173,-13.3992,-19.21799,-24.07297,-26.40696,-26.01644,-22.13657,-16.02681,-11.95989,-8.69222,-6.1533,5.2402
31.8852,34.82723,2.59647,1.80521,-4.92539,-5.57797,-5.11159,-5.14185,-6.38149,-7.28633,-9.5446,-13.68503,-20.27927,-24.5831,-27.40986,-25.94769,-20.37737,-15.12524,-10.90608,-7.47422,-5.74162,-5.2423,-4.29426,-4.80582,-6.05083,5.47854
29.43031,33.54639,2.77962,1.10577,-5.37973,-4.52293,-4.79181,-5.24018,-4.79007,-4.88395,-4.98874,-6.66728,-7.98196,-12.03078,-16.52483,-22.50074,-27.07566,-26.68518,-24.10292,-18.22062,-12.83047,-9.01654,-7.1272,-5.94685,-5.45651,5.56432
24.80069,39.25287,-1.24154,1.76419,-5.47882,-4.76026,-5.06148,-4.91838,-4.78315,-5.27121,-4.86021,-5.49836,-5.61188,-8.68305,-11.89402,-17.34957,-23.41311,-26.04822,-26.86756,-23.71314,-17.19575,-11.89748,-8.51666,-6.52666,-4.9325,5.46911
27.66328,35.35996,1.1052,1.76815,-5.3679,-5.77005,-5.41241,-4.57457,-5.39757,-5.25491,-5.65022,-5.49316,-7.17038,-9.7723,-14.44237,-20.35486,-25.17635,-26.69648,-25.3819,-20.47762,-16.28106,-10.10155,-7.64739,-5.17109,-5.47171,5.82996
32.52826,36.3286,4.08811,1.51218,-4.55979,-4.77486,-5.03605,-5.95215,-7.0198,-9.42273,-14.51034,-19.47492,-24.03483,-27.37173,-25.29401,-21.60759,-15.70166,-11.36306,-7.57521,-5.89361,-4.94134,-4.61705,-4.58166,-4.93069,-5.42975,5.51383
29.51647,38.56728,-3.22406,1.29487,-4.44681,-5.02451,-5.69312,-5.46964,-6.08481,-8.05989,-10.79498,-16.33547,-22.30743,-25.80628,-27.25786,-23.43263,-18.74179,-13.89512,-8.8858,-5.97749,-6.34092,-4.87299,-4.87728,-4.94814,-4.88149,5.75759
27.22661,39.93065,-0.88579,2.30545,-4.46552,-5.41664,-5.01062,-4.54584,-5.34695,-5.65537,-6.84969,-8.66662,-13.33026,-18.50944,-23.58049,-26.86022,-26.42793,-22.57752,-17.10407,-11.95171,-8.68812,-6.47088,-5.29546,-5.09122,-5.31463,5.59952
30.5113,40.73743,-0.25072,1.82239,-5.52655,-5.14039,-5.72916,-5.65024,-9.29361,-12.41063,-17.86341,-23.41725,-26.47008,-26.38101,-23.15827,-17.17505,-11.99749,-7.99071,-6.60634,-4.95517,-5.20126,-5.72276,-4.82304,-5.02956,-5.30896,5.82531
27.19116,36.53062,-1.59275,1.19667,-4.7622,-4.83451,-5.36207,-4.68339,-5.0197,-4.41708,-5.25729,-6.01595,-8.48327,-11.89553,-16.81328,-22.76897,-26.65566,-26.75758,-23.5733,-18.15679,-12.48913,-9.06127,-6.39144,-5.61641,-5.23197,5.81833
28.94894,42.35275,1.88834,1.55294,-5.66885,-5.19634,-5.82693,-5.27837,-6.75497,-9.59084,-13.24099,-18.11057,-23.87315,-26.85511,-26.31214,-22.27176,-17.29674,-11.65529,-8.34184,-5.21171,-5.48638,-5.2732,-4.68027,-5.05967,-4.91214,5.31419
33.38949,40.56951,-2.20848,1.6146,-6.00018,-7.39033,-10.13521,-14.72749,-20.91704,-25.16379,-27.32861,-25.24314,-20.38831,-14.18299,-9.52756,-6.33705,-5.85038,-5.55071,-5.40534,-4.45159,-5.54099,-5.11132,-5.19817,-4.38751,-5.35467,5.28271
33.79898,38.17183,3.17079,1.96052,-5.20912,-5.68305,-7.63394,-8.97285,-13.05901,-19.17504,-24.3242,-27.06684,-26.27512,-22.14561,-16.83299,-11.83337,-7.94379,-6.36615,-5.43148,-5.18851,-4.86476,-5.05874,-4.69922,-4.96405,-4.68885,5.29963
28.10377,40.84961,4.28469,2.19651,-5.01161,-5.128,-4.86202,-4.89265,-5.51955,-5.45134,-7.7282,-10.45671,-14.7026,-19.94906,-25.46858,-26.72093,-24.83892,-20.61679,-14.85012,-10.44288,-7.38925,-5.96061,-5.24075,-4.61715,-4.86594,5.73322
26.97615,34.04606,-2.1345,1.92798,-5.13255,-4.70417,-4.42992,-5.253,-5.0307,-4.8471,-5.25576,-5.68601,-5.52089,-8.05267,-10.7416,-16.5041,-21.95038,-25.72884,-26.91305,-24.28116,-19.00925,-13.23953,-9.45109,-6.75208,-6.41953,5.52898
30.96171,31.92182,1.54109,1.73893,-4.97539,-4.48006,-5.49289,-5.11527,-4.74181,-5.19849,-6.02553,-7.76636,-10.72095,-15.53221,-21.83926,-25.81019,-27.64756,-24.14927,-19.32222,-14.37197,-9.44852,-6.19762,-5.96352,-4.77116,-4.93031,5.36528
29.74133,37.49213,2.50806,2.29867,-4.81501,-5.11688,-4.86184,-5.2463,-4.31742,-6.70881,-8.22778,-10.98168,-15.34355,-22.07647,-25.28926,-27.19207,-23.63751,-18.89161,-12.69509,-8.68743,-7.05833,-4.6225,-5.58613,-5.15747,-4.3771,5.69381
28.68021,32.69936,-2.98618,1.05999,-5.261,-4.93117,-4.77753,-4.47763,-4.90656,-5.53357,-5.34224,-6.30749,-7.35757,-11.67545,-15.78898,-21.92557,-25.38857,-26.63267,-24.15632,-18.93011,-13.76037,-9.18603,-6.90768,-5.41895,-5.18075,5.18337
27.01946,40.12036,-3.89708,1.84589,-5.04451,-5.11997,-4.79391,-4.86501,-5.60453,-5.61462,-6.85266,-10.48426,-14.76427,-20.09435,-24.79274,-27.14664,-25.35148,-20.6033,-14.74035,-10.12507,-7.36059,-6.35472,-5.65458,-4.84812,-5.4428,5.47128
30.64094,33.05776,-1.77281,2.00758,-4.89917,-5.10528,-5.52601,-4.87042,-4.80192,-5.458,-6.47213,-9.23662,-14.07008,-19.09042,-24.02524,-26.64517,-26.02294,-21.60502,-15.88814,-10.66772,-7.48124,-5.87055,-5.21597,-5.45463,-5.40694,5.54672
24.57737,36.4733,3.26224,1.95725,-5.51158,-4.60804,-5.01213,-5.45981,-4.69143,-4.91103,-3.97494,-4.60187,-5.04137,-5.61466,-6.53867,-8.93792,-13.35396,-17.86772,-23.42124,-27.67448,-26.48321,-22.68083,-16.53857,-11.79619,-7.71162,5.05489
27.75646,39.55822,1.95613,1.66288,-5.18451,-5.26716,-4.81856,-4.64522,-5.70793,-5.63291,-6.54012,-8.72559,-12.3281,-17.87535,-23.49363,-27.02212,-27.00983,-22.76459,-17.14939,-11.67466,-8.49694,-5.53814,-5.48016,-5.29622,-4.89653,5.59021
31.66053,42.37259,-3.85919,1.12973,-5.47262,-6.52812,-9.27373,-13.04951,-17.50701,-23.23197,-26.88194,-26.16948,-22.37014,-16.3335,-11.49955,-8.15384,-6.47596,-4.81619,-5.15843,-5.33332,-5.43266,-5.30275,-5.12755,-4.73212,-4.68039,5.21946
26.21043,34.20701,-3.45138,2.31763,-4.43899,-5.52873,-5.25967,-5.26323,-5.93927,-4.98721,-4.57361,-5.42634,-5.71397,-7.43834,-10.05869,-14.22286,-20.27468,-24.36322,-27.656,-25.30273,-21.00754,-14.73842,-10.28545,-8.23909,-6.79536,5.29217
29.57287,31.8773,-1.81427,1.12534,-5.47811,-5.63033,-4.91262,-5.13235,-5.06679,-5.35497,-5.52416,-5.85676,-8.98504,-12.51075,-17.03529,-22.17912,-26.48347,-27.04268,-23.90229,-17.72008,-12.969,-7.93703,-5.69742,-5.44051,-4.97881,5.43887
33.99572,36.70489,-1.81666,1.76704,-5.0227,-5.04464,-7.73084,-10.115,-14.68798,-19.61414,-24.98328,-26.77675,-25.79297,-20.81716,-14.40505,-9.94192,-8.14628,-5.81046,-5.0061,-5.25035,-5.40289,-4.77143,-4.96519,-4.80667,-5.05532,5.50917
29.79143,35.84609,-2.6283,1.32778,-5.48332,-4.55074,-5.5354,-5.10696,-5.50497,-6.4563,-7.6729,-12.33293,-16.79325,-22.39134,-25.80223,-26.25299,-23.5265,-18.05347,-13.92697,-9.0381,-7.20332,-5.7341,-5.09094,-5.01008,-4.52731,5.51667
30.68216,40.70074,-0.28847,2.14807,-4.97848,-4.62864,-5.17884,-6.67329,-9.39189,-12.73563,-18.70749,-24.15714,-27.18088,-26.10024,-21.70189,-16.59417,-11.14124,-8.0726,-6.37466,-4.45159,-4.47389,-4.95667,-5.29618,-5.56395,-4.85963,5.67009
24.96314,32.08456,-2.27261,1.64233,-4.89002,-5.25321,-5.26969,-4.79591,-5.37518,-4.74892,-4.75233,-5.02827,-5.33412,-5.85948,-6.17235,-7.7007,-9.86295,-14.4569,-20.15615,-24.45328,-26.93775,-25.41216,-20.66185,-14.91827,-11.12866,5.13316
29.65857,42.01144,-3.14174,1.64505,-4.81546,-5.13041,-5.15974,-7.38105,-9.43725,-13.48806,-18.23865,-23.75606,-26.51347,-26.17951,-20.91103,-15.97166,-11.55608,-7.06589,-6.62138,-5.66827,-5.18066,-5.36552,-4.81971,-4.9038,-4.96036,5.58836
27.89157,42.55136,-1.01443,2.00897,-4.33755,-4.21752,-5.16815,-5.78003,-6.02988,-7.95359,-11.90251,-15.98636,-22.12307,-25.46245,-26.51933,-24.13001,-18.82879,-13.49335,-9.42665,-5.72387,-5.96782,-5.16992,-4.69974,-5.14416,-5.22165,5.26637
24.85694,38.66062,3.1825,1.94097,-4.82375,-4.90015,-5.11835,-5.4821,-5.02148,-5.31435,-5.01836,-5.16577,-5.75456,-6.4902,-9.27175,-13.1962,-18.66405,-23.65483,-27.1887,-26.10307,-21.50608,-16.22034,-10.91462,-7.68778,-6.30678,5.38057
26.91847,35.42919,-3.2377,2.24182,-4.19868,-5.5431,-5.19229,-5.09565,-5.15368,-4.93304,-5.37612,-5.41852,-6.84781,-9.83895,-14.81642,-19.81415,-24.64104,-26.86857,-25.31408,-20.19895,-15.30772,-10.57624,-7.2172,-5.73503,-4.99058,5.56157
30.20192,41.25707,-1.03412,1.33558,-4.76125,-5.79528,-5.36593,-6.62865,-9.2238,-12.01682,-18.02074,-23.16307,-25.79034,-26.49683,-22.6003,-16.4391,-12.3004,-8.24408,-6.28905,-5.0956,-4.9793,-5.3478,-4.66519,-4.70509,-5.36797,5.52678
30.81713,37.70139,4.57704,1.5386,-5.09961,-5.37648,-5.20019,-4.72313,-5.53138,-7.73041,-10.27863,-14.16593,-20.10112,-25.01657,-27.28973,-25.83877,-20.73316,-15.32477,-10.10365,-7.50503,-6.27265,-5.05131,-4.60615,-5.27448,-5.59901,5.48643
27.59529,42.53702,0.83215,1.82109,-4.48609,-4.70554,-5.23007,-5.47589,-5.74003,-6.97821,-8.90606,-13.70742,-19.59151,-23.89719,-26.54167,-25.90687,-21.27101,-15.9551,-11.5025,-7.84238,-6.48848,-5.57322,-5.42335,-4.90485,-4.93875,5.26586
29.00466,34.82954,-3.77894,0.96728,-5.77251,-4.55055,-4.38558,-4.47573,-4.93784,-5.22198,-6.58997,-8.31823,-12.42465,-17.15137,-23.17008,-26.18164,-26.74511,-22.98898,-17.81359,-12.74749,-8.43815,-6.94519,-5.61952,-5.33922,-4.7758,5.61796
25.74453,32.2419,1.03864,2.33354,-4.95942,-4.64563,-4.79959,-4.54124,-5.07764,-4.96532,-5.1785,-5.17171,-5.37699,-5.5141,-6.0819,-7.88564,-10.8015,-16.24886,-21.03895,-25.56514,-26.79697,-24.67772,-19.66857,-13.6434,-9.70982,5.55075
29.27715,38.94752,1.37274,1.77809,-5.27784,-5.17623,-4.76546,-5.56339,-5.3492,-7.12656,-9.04839,-12.39538,-18.03884,-23.42882,-26.49197,-26.05577,-22.16363,-16.38249,-12.13783,-8.25308,-6.06198,-5.16487,-4.92333,-4.57023,-5.18068,5.6694
33.999,37.76878,0.40678,1.02447,-5.43692,-5.55944,-7.11875,-10.30265,-14.87634,-20.62627,-24.93298,-27.82171,-25.32142,-20.07192,-14.65583,-10.35061,-6.99429,-6.15637,-5.17417,-5.02076,-4.99359,-5.29268,-5.06798,-4.57062,-4.80977,5.44938
31.42518,40.72287,0.94754,0.98114,-4.6248,-4.90658,-5.81333,-7.84127,-10.56318,-15.42815,-20.99849,-25.89478,-26.81665,-24.72892,-19.49475,-14.76035,-10.22982,-5.83536,-6.07822,-5.134,-4.9065,-5.35646,-4.39759,-5.0233,-4.94772,5.78747
29.87924,34.90883,2.39679,1.81243,-4.90356,-4.83524,-4.94086,-4.79653,-4.8101,-5.29123,-6.32477,-7.70839,-11.86504,-16.18983,-22.27306,-25.9049,-26.1231,-24.47654,-18.46571,-13.1668,-8.41763,-6.82033,-4.63054,-5.70553,-4.91926,5.67698
32.66079,33.49548,2.40255,2.12557,-4.96489,-5.53944,-5.52836,-5.2392,-5.91013,-6.97286,-10.71037,-14.67381,-20.27181,-25.23571,-27.28119,-25.11065,-20.00365,-14.88346,-9.89157,-7.40112,-5.25191,-5.25586,-5.13012,-5.57864,-5.50219,5.33429
27.58223,30.88663,0.80982,1.14853,-5.21829,-4.89668,-5.07636,-4.34744,-5.24134,-4.61174,-5.38706,-5.24428,-5.60231,-5.53089,-7.40989,-10.59757,-15.30573,-21.34437,-25.00328,-26.48864,-24.69317,-19.71849,-13.97256,-9.86287,-7.16326,5.26523
30.49997,32.22568,4.39453,1.23843,-5.14994,-5.21954,-5.52591,-4.46051,-4.8552,-4.83679,-5.67888,-5.94179,-8.51729,-11.81632,-17.56424,-23.00365,-26.70363,-26.47502,-22.86741,-16.98845,-11.74614,-8.51178,-6.0128,-6.43963,-5.30305,5.28024
24.70828,35.36298,2.57687,0.96388,-5.27992,-4.33431,-4.60722,-4.54229,-4.9964,-5.1879,-4.81106,-5.03554,-5.16121,-5.42883,-6.48838,-8.49573,-11.79732,-17.28002,-22.10267,-25.93026,-27.00249,-24.22835,-18.14244,-12.84131,-8.9428,5.13305
27.84032,43.48548,-1.16947,1.02373,-5.0328,-4.89499,-5.61144,-5.72174,-7.104,-9.3014,-13.12787,-18.85935,-23.70709,-26.96827,-26.66143,-22.40622,-16.85157,-12.04669,-7.51159,-6.02758,-5.03228,-5.23282,-4.71456,-4.73734,-5.35733,5.16003
33.77697,43.81636,4.40532,1.01117,-6.56898,-9.71313,-13.90835,-18.61279,-24.0905,-27.75411,-25.87525,-21.70725,-15.83069,-11.04812,-7.74138,-6.07931,-5.25798,-5.50076,-5.30722,-5.30246,-5.47006,-4.7242,-4.62286,-4.7851,-5.21043,4.31569
27.09907,37.15827,-2.17122,2.0929,-5.33938,-5.07917,-5.44262,-5.50421,-5.09466,-5.28367,-5.75154,-7.1821,-8.88202,-13.02552,-17.96165,-23.39741,-27.19268,-26.08456,-22.52017,-16.2571,-11.72155,-8.36618,-6.40876,-5.9453,-4.67027,5.98991
29.23005,40.96182,2.48689,1.06714,-4.578,-4.58533,-5.18293,-4.63379,-6.09607,-7.94074,-11.05392,-16.32913,-21.12403,-25.66169,-27.01312,-24.23377,-19.33923,-13.47496,-9.82471,-6.86249,-5.84455,-4.99886,-4.68412,-4.73474,-5.04466,5.47913
29.08825,30.61653,3.76636,1.19128,-5.33855,-4.9393,-4.52445,-4.34497,-4.72432,-5.35768,-4.55994,-5.50715,-5.97312,-6.80749,-10.03156,-13.54875,-19.33472,-24.24859,-27.22056,-25.42703,-21.17571,-15.90883,-10.60578,-8.66147,-5.92208,5.07436
28.65094,33.9523,3.60362,1.32368,-5.04184,-5.01453,-4.86277,-4.57259,-5.17359,-4.59251,-5.66933,-5.60298,-7.57029,-9.54446,-13.60775,-18.64258,-24.39642,-27.19869,-25.34522,-21.30797,-15.71361,-10.5906,-7.33336,-6.64839,-5.31598,5.56737
30.57304,41.88608,2.54494,0.96632,-5.29655,-5.22362,-5.72268,-6.7058,-8.52936,-13.1373,-17.85856,-23.3426,-26.45133,-26.37483,-22.20096,-16.88408,-11.38506,-8.1045,-6.05954,-5.29375,-5.05112,-5.15015,-5.34539,-5.15537,-4.74929,5.35677
26.60991,34.41012,3.20735,1.92116,-5.02814,-5.30495,-5.01898,-4.86353,-4.82264,-4.42341,-5.20466,-5.2289,-5.24819,-6.0039,-8.70355,-11.72087,-16.87641,-22.6473,-26.45191,-26.38993,-23.179,-17.82248,-12.91373,-9.38128,-6.59018,5.46745
32.35925,34.58911,-3.17908,1.19715,-5.27282,-4.73345,-5.37007,-6.05716,-7.12225,-10.02084,-14.8247,-19.8375,-24.91345,-27.2598,-25.90825,-20.49178,-15.03425,-10.37231,-6.94974,-6.78393,-4.84162,-4.59748,-5.35938,-4.64785,-5.28464,5.25127
26.58821,41.37846,-3.8038,0.90316,-4.69054,-5.22129,-4.49435,-4.53365,-5.16396,-6.26495,-7.22542,-10.60852,-15.25261,-20.65729,-25.39566,-27.2829,-24.09349,-19.53202,-14.00058,-9.52726,-6.95218,-5.48655,-5.15781,-5.11963,-5.20472,5.20135
26.95105,35.76789,0.9562,0.89757,-5.03537,-4.81317,-4.77302,-4.31011,-5.49457,-5.11488,-4.9465,-6.10447,-5.89508,-8.71435,-12.77048,-17.42415,-23.93129,-26.51161,-26.77612,-22.77428,-17.17607,-11.84239,-8.29643,-5.65836,-5.44644,5.75475
33.91531,37.41205,2.90158,2.39937,-4.98255,-5.52298,-6.61249,-8.81484,-12.03577,-18.30732,-21.91425,-26.12613,-26.36117,-22.25242,-17.3816,-12.57129,-8.16692,-7.00371,-5.27508,-4.71801,-4.84524,-5.51434,-4.92927,-5.04323,-5.25979,4.88388
29.63606,37.88352,-2.3059,2.38081,-4.70269,-5.29018,-5.21372,-4.87862,-5.61898,-7.11943,-10.01623,-14.20758,-19.39861,-24.99216,-26.94261,-25.03818,-20.67761,-15.71485,-10.15407,-7.63941,-5.42937,-5.21394,-4.54831,-5.31591,-4.60695,5.59791
33.60559,35.23027,4.47731,1.43295,-4.78116,-4.9136,-5.20025,-5.88807,-7.12954,-11.11123,-15.26117,-21.45056,-25.28449,-26.11732,-24.68984,-20.10077,-13.79921,-9.80895,-7.15124,-5.82287,-5.39946,-4.55252,-4.6173,-4.59627,-4.19104,4.97206
27.91601,43.91996,4.68666,0.85181,-5.63413,-5.49006,-4.83513,-5.3442,-6.68824,-7.81062,-10.13517,-14.74357,-20.69098,-24.38063,-26.62924,-24.18975,-19.46072,-14.09801,-10.40133,-7.72466,-6.05285,-5.15247,-5.06174,-4.88212,-5.00937,4.93473
24.01281,35.40312,2.59326,2.35056,-4.69472,-5.27067,-5.3182,-4.69631,-4.67858,-4.7623,-4.66843,-5.39421,-5.13401,-5.40661,-5.10639,-6.67444,-9.67058,-13.58905,-19.24502,-24.47347,-26.77654,-25.39286,-21.34782,-16.16093,-10.76901,5.1008
29.94031,38.59103,0.34463,0.84959,-4.80691,-5.09325,-4.92752,-5.45018,-5.81235,-7.49066,-10.56666,-15.04852,-21.22742,-26.14951,-26.98697,-24.27741,-19.54484,-13.93309,-10.29776,-7.32752,-5.54864,-4.95077,-5.31899,-4.88344,-5.25095,5.77406
25.99675,30.3603,-2.46251,1.2669,-4.41301,-4.66794,-5.1263,-4.67112,-5.51369,-4.96523,-4.63436,-4.7791,-4.78674,-4.62338,-6.18797,-7.18998,-10.51153,-14.7685,-20.69168,-25.07822,-26.44897,-24.62572,-20.03458,-14.54914,-10.19748,5.0408
33.70706,38.25617,0.98242,2.14528,-5.09506,-6.13613,-7.8759,-10.13548,-15.17086,-19.88611,-25.01351,-26.97108,-24.87428,-21.01246,-15.87304,-10.46179,-7.28877,-6.42216,-5.41832,-5.19739,-5.00688,-5.21846,-4.06825,-5.09192,-4.93472,5.28566
28.23375,43.83592,-0.08146,2.39563,-5.47594,-5.53848,-5.28354,-5.0319,-7.06881,-10.02906,-14.69999,-19.74499,-24.98402,-26.74108,-26.03207,-20.53651,-15.03619,-10.94688,-7.82502,-5.97823,-5.46141,-4.97489,-5.51888,-5.31266,-4.26057,5.17677
29.62684,31.41387,-1.42516,1.65701,-5.20027,-4.70086,-5.30009,-4.73371,-5.09756,-5.16095,-5.39852,-5.93796,-8.3227,-11.57457,-15.46441,-21.55987,-26.06007,-26.64484,-24.10465,-19.69736,-13.41154,-9.34874,-6.70679,-5.92004,-5.26944,5.54515
30.96183,31.37504,3.8201,1.01502,-4.62627,-5.06126,-4.87415,-5.25432,-5.47573,-4.90964,-5.46614,-6.3873,-8.62536,-13.33542,-18.11582,-24.19124,-26.51932,-26.6551,-22.25811,-16.66202,-11.9966,-8.25673,-5.86707,-6.00997,-4.89461,5.13778
32.3293,41.71767,-1.75459,1.53032,-5.06586,-6.83992,-8.90281,-12.05463,-18.50936,-23.38572,-26.59864,-26.27272,-22.87776,-16.72246,-11.61094,-7.68279,-6.60636,-5.61305,-4.74036,-4.39361,-5.00914,-5.53573,-5.07575,-4.66236,-4.76267,5.38223
33.64918,41.99956,1.82642,1.88431,-6.19543,-7.59473,-10.70883,-16.20365,-21.82943,-26.03176,-26.42084,-24.26955,-18.84094,-13.40299,-9.25451,-6.16414,-5.9476,-4.32832,-5.27565,-5.29671,-5.23295,-4.77318,-5.00496,-4.60758,-5.28828,4.7378
27.97153,31.43237,0.60362,1.85977,-4.81255,-5.28233,-5.28842,-5.38352,-5.05169,-4.84899,-4.08102,-4.76683,-6.03879,-7.24352,-9.10759,-12.55782,-18.26487,-23.9453,-26.43445,-25.64762,-21.60649,-16.95687,-11.39418,-8.53945,-6.50083,5.30686
31.21283,39.17561,4.97722,1.21508,-5.31297,-4.88015,-4.66521,-5.55319,-7.09273,-9.51836,-13.67363,-19.34644,-24.82773,-27.03412,-25.40191,-21.8478,-16.66629,-11.12449,-7.43581,-6.69433,-5.28613,-4.95116,-4.83355,-4.80906,-4.78779,5.21833
25.83068,39.51597,-0.97931,0.94288,-5.35506,-4.54408,-5.21733,-4.42819,-5.16133,-4.88459,-5.62381,-5.65297,-8.97041,-11.73015,-17.70913,-22.90202,-25.6399,-26.3653,-24.13888,-18.09396,-12.98259,-8.64816,-5.94465,-5.32154,-5.00679,5.63655
28.09192,37.97165,4.15959,1.53211,-5.22491,-4.49285,-4.9291,-5.41098,-5.20907,-5.39797,-5.80174,-7.15753,-9.96036,-13.71742,-19.54392,-24.24054,-27.57622,-25.38915,-20.44476,-15.02589,-10.80454,-7.78255,-5.6153,-5.37459,-4.85223,5.65125
27.73101,30.19708,-1.10008,2.13317,-4.80814,-4.51023,-5.18523,-5.18927,-5.11235,-5.30551,-4.78367,-4.8441,-5.52677,-6.18891,-7.65905,-11.30394,-16.06369,-20.9442,-26.0606,-27.09348,-23.40595,-19.91733,-14.11597,-8.83309,-7.05462,5.23752
33.48084,42.85488,-0.36948,1.16547,-6.91322,-9.5994,-13.67888,-19.56015,-24.06143,-26.6087,-25.89626,-21.64185,-15.80404,-11.2859,-7.93204,-6.11652,-4.83786,-5.11252,-5.06129,-5.0615,-5.13496,-5.33781,-5.3217,-4.69888,-5.19919,4.96538
30.95192,38.82436,-1.28995,1.85866,-5.16796,-5.33738,-5.52005,-6.25497,-7.84051,-11.40521,-16.24602,-21.94167,-25.82602,-26.75425,-23.98254,-18.65253,-13.47182,-8.86101,-6.65505,-5.1236,-5.21862,-4.95191,-5.2485,-4.99621,-4.71393,5.70777
24.02738,39.40286,4.16192,2.13637,-5.0969,-5.17373,-4.64629,-4.77535,-5.02739,-5.1636,-5.03101,-4.84223,-5.06229,-6.11804,-7.99043,-11.07845,-15.97294,-21.49637,-26.01013,-26.28803,-24.42748,-18.54328,-13.12434,-9.07072,-6.22365,5.02897
30.63355,32.38717,-0.78225,1.50034,-5.51832,-5.49866,-4.46882,-4.67233,-4.97101,-5.09585,-5.99299,-8.25022,-12.21674,-16.3336,-22.14457,-26.70005,-26.68654,-23.76298,-18.33317,-13.05024,-8.76397,-6.72097,-5.97756,-4.93104,-4.8704,5.38044
25.81261,35.31651,-0.77261,0.84611,-5.26752,-5.61253,-4.81738,-5.03098,-4.85115,-5.09103,-5.13443,-5.12017,-5.6262,-6.4189,-9.24922,-13.66232,-18.50113,-24.26175,-27.6847,-26.48788,-22.21998,-16.80647,-12.04187,-8.14371,-5.78074,5.74122
26.48577,34.84049,2.08666,1.4158,-4.76254,-5.37925,-4.88312,-5.00919,-5.12838,-5.16869,-4.64318,-5.72568,-5.48751,-6.76918,-9.25571,-12.98253,-18.25361,-23.67736,-26.66832,-25.69239,-22.4468,-16.56605,-12.25611,-7.99154,-6.90135,5.68084
28.47068,31.6619,0.47636,1.8454,-4.7116,-4.78306,-5.00611,-5.00285,-4.60283,-4.76237,-5.30796,-5.53655,-6.27898,-7.72589,-11.31363,-16.49788,-21.39331,-25.61286,-26.87225,-24.03816,-19.80875,-14.04532,-10.07794,-6.88426,-5.74566,5.46976
31.5932,33.10446,-0.92779,2.12781,-4.71734,-5.07035,-5.5696,-5.20339,-5.25654,-6.30242,-8.03283,-11.60244,-17.22721,-22.83672,-26.56089,-26.76463,-22.9378,-18.02229,-13.17188,-8.56865,-6.56815,-5.68995,-5.83817,-4.62663,-4.76351,5.39361
31.72145,36.30706,1.92611,2.3299,-4.73316,-4.72227,-5.23738,-5.48016,-5.75192,-8.65911,-12.4606,-17.17054,-22.49606,-26.49848,-27.11367,-23.50813,-17.61642,-12.31878,-9.30682,-6.95676,-5.86933,-5.15922,-4.26359,-5.10723,-4.97946,5.55789
33.63594,43.58688,0.07561,1.01339,-8.07397,-10.44571,-15.50409,-21.37327,-25.77076,-27.62769,-24.79239,-20.40178,-14.24965,-9.90086,-7.25927,-5.94879,-5.52037,-4.6252,-4.50834,-5.06148,-4.60003,-5.10731,-5.10586,-5.29007,-4.75589,4.88002
28.8037,37.98893,2.00442,1.46796,-5.00925,-5.67338,-5.16219,-4.38831,-5.04703,-6.06731,-6.68484,-9.3692,-13.72142,-19.27431,-24.20464,-27.104,-25.91375,-21.32909,-15.73596,-11.57041,-7.99934,-5.53543,-4.72627,-4.9665,-4.45829,5.969
31.39492,42.10778,2.68171,1.69803,-5.07408,-4.82593,-6.22311,-8.55492,-12.26858,-17.66824,-23.14735,-25.73268,-26.38355,-23.48115,-18.1455,-12.784,-8.85175,-6.10508,-5.41388,-5.85278,-4.66709,-5.68316,-5.14347,-5.4853,-4.9859,5.09987
30.03387,40.86605,4.67861,1.27068,-4.77359,-4.55949,-5.06546,-5.32067,-6.85752,-8.73051,-12.93766,-17.62206,-22.88862,-26.26412,-26.41964,-22.41025,-17.30611,-12.27463,-8.23888,-6.12182,-4.69181,-4.87499,-5.4159,-5.34834,-5.45658,5.38408
27.58086,40.97644,-1.13927,1.15194,-4.94781,-4.88523,-5.39138,-5.13448,-5.58964,-6.35311,-8.2519,-11.64603,-17.17596,-22.22049,-26.19978,-26.10062,-24.56828,-18.2848,-12.29835,-9.71282,-6.06394,-5.51806,-5.87251,-4.78404,-5.37605,5.51179
33.58897,39.55572,-1.11157,2.26549,-5.25321,-6.77739,-9.25715,-13.04381,-17.78423,-23.97787,-27.19309,-25.75358,-22.36035,-16.70463,-11.48538,-8.30099,-7.10261,-5.48945,-4.68044,-4.26616,-5.04637,-5.01086,-4.5222,-4.79152,-4.89661,5.04914
28.24209,31.45498,0.83979,1.92439,-4.40202,-5.09001,-5.50206,-5.6608,-5.00607,-5.21422,-5.36086,-5.14521,-5.64274,-6.98655,-9.5946,-14.50734,-19.81365,-24.70055,-26.98208,-25.22512,-21.34877,-15.78897,-10.21971,-7.56159,-6.4859,5.41993
30.18349,40.58345,1.27047,1.92141,-4.29437,-4.71674,-4.78748,-5.49102,-7.38857,-10.11176,-14.80791,-20.78221,-25.55217,-26.68465,-25.49374,-20.21896,-14.50174,-9.90861,-7.16713,-6.27188,-5.07467,-5.11665,-5.35689,-5.69873,-4.84248,5.48444
27.73131,43.29251,0.98172,1.68811,-4.97856,-4.99518,-5.44522,-5.57881,-5.75183,-7.79539,-10.88857,-16.46317,-21.48216,-25.38087,-27.1973,-24.7782,-19.26249,-13.68987,-9.47914,-7.18075,-5.45194,-4.64483,-4.64455,-5.55851,-3.97667,5.12822
28.61265,37.6953,-1.38413,0.90778,-4.5413,-4.67681,-5.32662,-5.03953,-4.898,-5.4501,-6.82833,-9.75111,-14.29087,-20.26694,-25.39373,-26.84775,-25.43291,-20.17324,-15.34295,-10.52495,-7.56877,-5.56805,-5.02074,-5.0662,-4.91399,6.07204
28.36124,41.76154,-2.79125,1.97276,-4.72643,-5.30734,-5.34079,-5.29823,-6.74855,-8.8182,-13.13781,-18.32413,-23.16059,-26.77892,-26.6408,-22.7097,-17.05941,-12.09707,-8.30947,-6.32299,-5.54241,-5.13134,-5.34037,-5.18139,-5.64393,5.28644
29.51594,37.60857,4.98855,1.55537,-4.94761,-5.33171,-4.91017,-4.45759,-5.23524,-5.9735,-7.32178,-9.37473,-14.03774,-18.93109,-24.64263,-27.49336,-25.62729,-21.93594,-15.70081,-10.67183,-7.99507,-6.0026,-4.85934,-5.25599,-4.46152,5.54928
28.83503,35.02314,-2.03063,1.58023,-4.68983,-4.87122,-4.77387,-4.95573,-4.80839,-5.50316,-6.38743,-7.57102,-9.84603,-15.29776,-21.40214,-25.12089,-27.60922,-24.6274,-19.38455,-14.25282,-9.88417,-7.08505,-5.92273,-5.49593,-5.43538,5.59104
29.16663,35.2686,4.16518,1.62619,-5.42412,-4.43831,-5.40167,-4.97583,-5.37141,-5.42992,-5.47266,-6.57008,-8.67415,-12.95044,-18.52983,-23.61239,-27.16547,-25.66559,-21.85069,-16.32487,-11.2701,-8.56834,-6.59639,-5.34768,-5.05736,5.69013
32.33365,30.31424,-3.6117,1.71758,-4.73937,-4.58609,-4.58086,-4.991,-5.12119,-6.05762,-7.57235,-10.50894,-16.63784,-22.09039,-25.42695,-26.78651,-24.1597,-19.05543,-13.05502,-9.05366,-6.0968,-5.66838,-4.87247,-4.46753,-5.51143,4.63634
32.20453,32.54638,1.93684,1.22323,-5.05254,-5.32123,-5.47304,-4.97468,-5.35473,-5.86839,-7.8918,-11.37132,-16.2846,-22.40542,-26.28782,-26.69701,-23.46216,-18.3047,-13.21326,-9.15448,-6.62866,-6.00628,-4.87913,-4.77277,-4.68363,5.41002
32.27522,42.55757,2.97383,1.83877,-5.69635,-6.16498,-7.46534,-11.07562,-16.03936,-21.05775,-25.82025,-27.21224,-24.61601,-19.27336,-13.4803,-9.87955,-6.69358,-5.54837,-5.44691,-5.01189,-4.82924,-5.22291,-4.74377,-5.25088,-4.79437,5.20554
31.89422,38.09182,-2.93954,0.81151,-5.36536,-5.68996,-5.94442,-6.90036,-9.71893,-14.07296,-20.05426,-24.21178,-27.28996,-25.15001,-20.74134,-14.56226,-10.41387,-7.79908,-5.83037,-5.67957,-5.38041,-4.6922,-5.01011,-4.701,-5.30584,5.69316
31.35782,41.96998,1.93355,1.9965,-5.63666,-5.26625,-6.20204,-8.11412,-12.184,-16.87898,-23.06911,-26.50498,-26.71484,-23.5651,-17.97217,-12.70282,-8.63735,-6.46307,-5.20666,-5.32387,-4.80944,-4.91041,-4.91618,-4.95338,-5.75479,5.56592
30.13966,37.29408,2.40445,1.75596,-4.39004,-5.22352,-5.27277,-5.4313,-5.34302,-5.96967,-8.4855,-12.61623,-17.12169,-22.91029,-26.78019,-26.51863,-22.87855,-17.40283,-12.26405,-8.52212,-5.78115,-4.49412,-5.07706,-5.35358,-5.37401,5.87145
29.17743,40.31696,-3.38245,0.94427,-5.1511,-4.40276,-4.90784,-5.79688,-6.51497,-9.29424,-13.53368,-18.92062,-23.56869,-27.04067,-26.02287,-21.5018,-16.19946,-11.24887,-8.19593,-5.34218,-5.09159,-5.93205,-4.56701,-5.45459,-5.48092,5.47983
33.66055,37.88436,2.9297,2.01196,-4.76125,-5.57963,-6.88484,-8.41773,-12.09464,-17.45787,-22.4741,-26.28979,-26.00096,-23.02715,-17.54449,-12.04131,-8.17451,-6.57433,-4.83575,-5.10047,-5.03173,-4.85198,-5.3006,-5.57625,-4.2805,5.33858
28.76555,34.94953,4.04885,1.23052,-4.49842,-5.17317,-4.65333,-5.2249,-4.84495,-4.55669,-5.19939,-6.29597,-7.81595,-10.96178,-16.30172,-21.85104,-25.30406,-26.38528,-24.3357,-19.39693,-13.9402,-9.71155,-6.9364,-5.67877,-5.67777,5.6302
28.9234,43.79506,4.073,2.19003,-6.02093,-5.00289,-4.99446,-5.92733,-7.06397,-9.44316,-13.74361,-19.65996,-25.21582,-26.92596,-25.75774,-20.82817,-15.33148,-10.74276,-6.96852,-6.02484,-5.81627,-4.94561,-4.77711,-4.9853,-5.27169,4.92953
30.12778,33.63581,0.93707,1.17942,-5.47462,-4.91427,-5.27793,-4.71476,-4.96286,-4.82929,-6.57864,-7.34851,-11.16943,-15.8207,-21.29175,-25.52505,-26.87249,-24.03351,-19.0851,-13.34004,-9.70269,-6.73183,-5.12891,-4.49651,-4.67559,5.89883
25.76607,36.99437,4.96006,2.15902,-5.55571,-5.05961,-4.93493,-5.28854,-5.42043,-5.17965,-5.46607,-4.82937,-4.92331,-6.28117,-9.18772,-12.46103,-18.11382,-23.10581,-26.88949,-26.06669,-22.48001,-17.36991,-11.90353,-8.39371,-5.77191,5.11355
25.98958,38.06252,1.84218,1.07926,-4.93795,-5.32193,-5.18798,-5.3597,-5.0695,-5.76896,-5.36417,-5.33778,-6.68276,-8.90875,-12.32118,-17.38437,-23.56481,-26.21695,-26.97638,-22.91375,-16.94774,-11.89175,-8.3136,-6.04412,-5.52251,5.70063
30.44644,33.79747,0.00409,2.18049,-5.30395,-4.64886,-4.6554,-5.12081,-5.14548,-5.53199,-6.7871,-9.59829,-12.63077,-18.72708,-23.60195,-26.69064,-26.01319,-22.01102,-16.23149,-11.82649,-7.72847,-6.15353,-5.38492,-5.25484,-5.04104,5.86302
30.54833,42.3966,-1.21566,1.19583,-5.21964,-4.9358,-5.80192,-7.67639,-11.16542,-16.65347,-22.06859,-26.441,-27.68567,-23.48727,-18.60038,-13.03773,-9.84741,-6.34445,-5.6483,-5.37483,-5.44506,-5.2927,-5.29782,-5.34006,-5.49459,5.38079
27.09661,34.86036,0.85701,2.08753,-5.31197,-4.88069,-5.01843,-4.70359,-4.36132,-5.02411,-4.92148,-5.65283,-6.23479,-8.02262,-10.69901,-16.85377,-22.04551,-26.06299,-27.07799,-23.74076,-18.62093,-13.17908,-9.39565,-6.48676,-5.93878,5.72754
25.63269,40.31965,-0.49249,1.40537,-5.02988,-4.63475,-4.96207,-4.41256,-4.49656,-5.47983,-5.60512,-6.70785,-8.58303,-12.93945,-18.11921,-22.60863,-26.39065,-26.24742,-23.28529,-17.9049,-12.37409,-8.07259,-6.41969,-5.42706,-4.72709,5.55739
25.85938,31.43183,-1.57724,1.94431,-5.03653,-5.25218,-4.76144,-4.66867,-5.16521,-4.7473,-4.6276,-6.19622,-5.70531,-5.23338,-6.4721,-7.34835,-11.17832,-16.28752,-21.78625,-26.10418,-27.08023,-23.98247,-18.48208,-13.94262,-9.17745,5.10821
31.68146,33.48547,2.94103,1.50874,-5.00765,-5.09464,-5.60186,-4.93913,-6.30544,-6.13961,-8.16384,-10.69401,-15.69364,-20.86681,-25.67692,-27.03167,-24.15031,-19.69092,-14.03175,-9.17986,-6.79541,-5.03951,-5.06103,-5.24135,-4.63589,5.51036
27.24513,32.34304,-1.5151,0.99144,-4.98859,-5.04547,-4.40896,-4.84056,-5.46736,-4.93677,-5.15177,-5.08082,-5.55936,-6.68764,-9.87542,-13.97898,-18.37608,-24.05994,-26.39341,-25.77034,-21.96371,-16.8105,-11.0878,-7.74289,-5.52657,5.45219
31.56698,41.27736,-0.05153,1.10874,-5.27605,-5.83934,-6.05457,-8.20468,-13.01128,-17.90392,-23.45837,-26.11957,-26.27985,-22.40695,-17.4606,-11.51578,-8.45897,-5.69434,-5.06902,-5.35424,-4.84514,-4.92058,-5.0784,-4.73767,-5.00893,5.56008
30.38026,35.30661,-2.33019,0.82995,-4.6246,-5.48106,-4.99557,-4.58862,-5.75022,-6.86539,-8.9893,-12.20176,-18.19035,-23.14104,-26.81481,-26.63666,-22.89084,-17.45475,-12.26186,-8.46761,-6.29857,-5.6285,-4.96764,-5.19901,-5.16506,5.72797
29.71012,41.70819,1.92129,1.64131,-5.09594,-5.32548,-5.58473,-5.50155,-6.57993,-9.84655,-14.6572,-19.92897,-24.97913,-27.0912,-25.08478,-20.49293,-15.58393,-10.52492,-7.61896,-5.69682,-5.43739,-5.69972,-5.02513,-4.9024,-4.73116,5.5449
33.44603,43.44821,-3.12593,1.96028,-8.37252,-11.69023,-16.97066,-22.27728,-26.34141,-26.91049,-23.66051,-18.72952,-12.605,-8.69045,-6.91234,-5.28005,-5.5375,-5.66565,-4.89817,-4.81013,-5.25897,-4.81586,-4.31383,-3.94567,-5.30553,4.67125
27.15155,43.88048,-1.07811,1.39475,-4.97094,-5.39122,-5.16677,-5.82386,-6.30873,-7.90124,-10.99011,-16.75316,-21.54975,-24.92595,-27.23991,-24.13968,-19.28251,-14.65475,-9.78739,-7.13823,-5.38213,-5.21481,-5.1276,-4.77489,-4.95663,5.09842
32.2194,39.65607,-1.51639,1.68586,-5.917,-5.8541,-6.60311,-8.89583,-13.08272,-18.17709,-23.93726,-26.40226,-26.13529,-21.63415,-16.45208,-11.48276,-7.6729,-6.53727,-5.51858,-5.72761,-4.72191,-4.42617,-5.17075,-5.42611,-4.60632,5.42528
27.00393,40.23105,1.18655,0.92556,-4.43596,-4.79398,-5.37734,-4.49881,-5.72101,-5.05227,-6.05614,-8.29257,-11.8504,-17.0122,-21.54915,-26.104,-26.99652,-23.52816,-18.03338,-12.96221,-8.80275,-6.36024,-5.57185,-5.06223,-5.0826,5.52979
28.45616,38.33185,0.54256,1.15534,-5.08699,-4.66238,-4.91329,-4.94649,-5.31428,-5.75982,-7.095,-9.49646,-14.48496,-19.38082,-24.30208,-26.80203,-26.06892,-21.4476,-15.85872,-11.08373,-8.13198,-6.41788,-5.32915,-4.95399,-4.96807,5.81802
